[{"featureType":"landscape.natural","elementType":"geometry.fill","stylers":[{"visibility":"on"},{"color":"#e0efef"}]},{"featureType":"poi","elementType":"geometry.fill","stylers":[{"visibility":"on"},{"hue":"#1900ff"},{"color":"#c0e8e8"}]},{"featureType":"landscape.man_made","elementType":"geometry.fill"},{"featureType":"road","elementType":"geometry","stylers":[{"lightness":100},{"visibility":"simplified"}]},{"featureType":"road","elementType":"labels","stylers":[{"visibility":"off"}]},{"featureType":"water","stylers":[{"color":"#7dcdcd"}]},{"featureType":"transit.line","elementType":"geometry","stylers":[{"visibility":"on"},{"lightness":700}]}]