<wpml-config>
	<custom-fields>
		<custom-field action="copy">header_design</custom-field>
		<custom-field action="copy">fixed_header</custom-field>
		<custom-field action="copy">_multi_header_elements</custom-field>
		<custom-field action="copy">header_wrap</custom-field>
		<custom-field action="copy">background_color</custom-field>
		<custom-field action="copy">background_image</custom-field>
		<custom-field action="copy">background_repeat</custom-field>
		<custom-field action="copy">headerwrap_text_color</custom-field>
		<custom-field action="copy">headerwrap_link_color</custom-field>
		<custom-field action="copy">exclude_footer_widgets</custom-field>
		<custom-field action="copy">exclude_footer</custom-field>
		<custom-field action="copy">layout</custom-field>
		<custom-field action="copy">content_width</custom-field>
		<custom-field action="copy">post_image</custom-field>
		<custom-field action="copy">feature_size</custom-field>
		<custom-field action="copy">image_dimensions</custom-field>
		<custom-field action="copy">hide_post_title</custom-field>
		<custom-field action="copy">unlink_post_title</custom-field>
		<custom-field action="copy">hide_meta_multi</custom-field>
		<custom-field action="copy">hide_post_date</custom-field>
		<custom-field action="copy">hide_post_image</custom-field>
		<custom-field action="copy">unlink_post_image</custom-field>
		<custom-field action="copy">video_url</custom-field>
		<custom-field action="copy">external_link</custom-field>
		<custom-field action="copy">multi_lightbox_link</custom-field>
		<custom-field action="copy">custom_menu</custom-field>
		<custom-field action="copy">fixed_header</custom-field>
		<custom-field action="copy">_multi_header_elements</custom-field>
		<custom-field action="copy">exclude_footer_widgets</custom-field>
		<custom-field action="copy">exclude_footer</custom-field>
		<custom-field action="copy">page_layout</custom-field>
		<custom-field action="copy">hide_page_title</custom-field>
		<custom-field action="copy">_query_posts_notice</custom-field>
		<custom-field action="copy">query_category</custom-field>
		<custom-field action="copy">order</custom-field>
		<custom-field action="copy">orderby</custom-field>
		<custom-field action="copy">layout</custom-field>
		<custom-field action="copy">posts_per_page</custom-field>
		<custom-field action="copy">display_content</custom-field>
		<custom-field action="copy">feature_size_page</custom-field>
		<custom-field action="copy">hide_title</custom-field>
		<custom-field action="copy">unlink_title</custom-field>
		<custom-field action="copy">hide_date</custom-field>
		<custom-field action="copy">hide_image</custom-field>
		<custom-field action="copy">unlink_image</custom-field>
		<custom-field action="copy">hide_navigation</custom-field>
		<custom-field action="copy">portfolio_query_category</custom-field>
		<custom-field action="copy">portfolio_order</custom-field>
		<custom-field action="copy">portfolio_orderby</custom-field>
		<custom-field action="copy">portfolio_layout</custom-field>
		<custom-field action="copy">portfolio_posts_per_page</custom-field>
		<custom-field action="copy">portfolio_display_content</custom-field>
		<custom-field action="copy">portfolio_feature_size_page</custom-field>
		<custom-field action="copy">_portfolio_image_dimensions</custom-field>
		<custom-field action="copy">portfolio_hide_title</custom-field>
		<custom-field action="copy">portfolio_unlink_title</custom-field>
		<custom-field action="copy">portfolio_hide_date</custom-field>
		<custom-field action="copy">portfolio_hide_meta_all</custom-field>
		<custom-field action="copy">portfolio_hide_image</custom-field>
		<custom-field action="copy">portfolio_unlink_image</custom-field>
		<custom-field action="copy">portfolio_hide_navigation</custom-field>
		<custom-field action="copy">feature_size</custom-field>
		<custom-field action="copy">gallery_shortcode</custom-field>
		<custom-field action="copy">hide_post_meta</custom-field>
		<custom-field action="copy">post_id_info</custom-field>
		<custom-field action="copy">separator_background</custom-field>
		<custom-field action="copy">featured_area_background_color</custom-field>
		<custom-field action="copy">featured_area_background_image</custom-field>
		<custom-field action="copy">featured_area_background_repeat</custom-field>
		<custom-field action="copy">featured_area_text_color</custom-field>
		<custom-field action="copy">featured_area_link_color</custom-field>
		<custom-field action="copy">layout</custom-field>
		<custom-field action="copy">feature_size</custom-field>
		<custom-field action="copy">start_date</custom-field>
		<custom-field action="copy">location</custom-field>
		<custom-field action="copy">map_address</custom-field>
		<custom-field action="copy">buy_tickets</custom-field>
		<custom-field action="copy">external_link</custom-field>
		<custom-field action="copy">event_query_category</custom-field>
		<custom-field action="copy">event_order</custom-field>
		<custom-field action="copy">event_orderby</custom-field>
		<custom-field action="copy">event_layout</custom-field>
		<custom-field action="copy">event_hide_past_events</custom-field>
		<custom-field action="copy">event_posts_per_page</custom-field>
		<custom-field action="copy">event_display_content</custom-field>
		<custom-field action="copy">event_feature_size_page</custom-field>
		<custom-field action="copy">_event_image_dimensions</custom-field>
		<custom-field action="copy">event_hide_title</custom-field>
		<custom-field action="copy">event_unlink_title</custom-field>
		<custom-field action="copy">event_hide_date</custom-field>
		<custom-field action="copy">event_hide_meta_all</custom-field>
		<custom-field action="copy">event_hide_image</custom-field>
		<custom-field action="copy">event_unlink_image</custom-field>
		<custom-field action="copy">event_hide_navigation</custom-field>
		<custom-field action="copy">event_hide_event_location</custom-field>
		<custom-field action="copy">event_hide_event_date</custom-field>

		<custom-field action="copy">image_dimensions</custom-field>
		<custom-field action="copy">image_width</custom-field>
		<custom-field action="copy">image_height</custom-field>
		<custom-field action="copy">hide_meta_multi</custom-field>
		<custom-field action="copy">hide_meta_all</custom-field>
		<custom-field action="copy">hide_meta_author</custom-field>
		<custom-field action="copy">hide_meta_category</custom-field>
		<custom-field action="copy">hide_meta_comment</custom-field>
		<custom-field action="copy">hide_meta_tag</custom-field>
		<custom-field action="copy">iframe_url</custom-field>
		<custom-field action="copy">lightbox_link</custom-field>
	</custom-fields>
	<custom-types>
		<custom-type translate="1">portfolio</custom-type>
		<custom-type translate="1">highlight</custom-type>
		<custom-type translate="1">testimonial</custom-type>
		<custom-type translate="1">slider</custom-type>
		<custom-type translate="1">event</custom-type>
	</custom-types>    
	<taxonomies>
		<taxonomy translate="1">portfolio-category</taxonomy>
		<taxonomy translate="1">highlight-category</taxonomy>
		<taxonomy translate="1">testimonial-category</taxonomy>
		<taxonomy translate="1">slider-category</taxonomy>
		<taxonomy translate="1">event-category</taxonomy>
	</taxonomies>    
	<admin-texts>
		<key name="themify_data">
			<key name="setting-header_html" />
			<key name="setting-footer_html" />
			<key name="setting-default_more_text" />
		</key>
	</admin-texts>
</wpml-config>